transaction_id,timestamp,customer_id,product_id,quantity,unit_price,payment_method,store_id,total_amount
1,2023-11-21 17:00:00,159,39,8,104.96,Cash,10,839.68
2,2023-08-24 19:00:00,132,49,9,38.41,Digital Wallet,9,345.68999999999994
3,2023-03-06 01:00:00,125,17,7,31.49,Credit Card,1,220.42999999999998
4,2023-02-02 02:00:00,33,19,4,199.13,Credit Card,7,796.52
5,2023-01-11 07:00:00,96,9,3,28.38,Cash,3,85.14
6,2023-02-07 04:00:00,190,16,8,123.8,Debit Card,2,990.4
7,2023-05-11 12:00:00,164,1,7,146.88,Debit Card,10,1028.1599999999999
8,2023-07-07 06:00:00,69,22,7,29.46,Debit Card,7,206.22
9,2023-01-23 14:00:00,122,25,5,18.54,Debit Card,7,92.69999999999999
10,2023-03-22 05:00:00,121,26,9,68.19,Credit Card,4,613.71
11,2023-09-04 01:00:00,16,18,5,29.41,Debit Card,6,147.05
12,2023-04-19 02:00:00,66,19,5,100.77,Debit Card,5,503.84999999999997
13,2023-12-03 02:00:00,143,49,9,56.07,Digital Wallet,10,504.63
14,2023-12-16 16:00:00,54,19,8,185.33,Cash,10,1482.64
15,2023-01-05 23:00:00,58,16,1,80.1,Cash,4,80.1
16,2023-06-01 14:00:00,119,28,8,23.12,Debit Card,5,184.96
17,2023-11-02 09:00:00,47,38,6,168.21,Digital Wallet,4,1009.26
18,2023-08-12 00:00:00,9,2,7,176.94,Cash,2,1238.58
19,2023-10-10 15:00:00,182,47,3,48.98,Cash,10,146.94
20,2023-08-08 22:00:00,141,32,1,15.59,Digital Wallet,6,15.59
21,2023-05-25 21:00:00,163,28,8,81.08,Cash,3,648.64
22,2023-03-07 01:00:00,125,4,3,163.29,Debit Card,8,489.87
23,2023-04-13 05:00:00,25,28,2,44.63,Digital Wallet,5,89.26
24,2023-03-26 00:00:00,13,8,8,182.79,Credit Card,3,1462.32
25,2023-02-06 13:00:00,18,19,4,138.71,Digital Wallet,10,554.84
26,2023-10-15 08:00:00,197,35,6,31.46,Debit Card,8,188.76
27,2023-04-14 00:00:00,111,17,4,61.02,Credit Card,10,244.08
28,2023-05-28 07:00:00,127,40,6,154.86,Credit Card,2,929.1600000000001
29,2023-07-22 15:00:00,159,22,7,45.45,Digital Wallet,8,318.15000000000003
30,2023-07-07 20:00:00,57,12,2,46.52,Credit Card,10,93.04
31,2023-02-19 00:00:00,15,24,3,193.45,Credit Card,6,580.3499999999999
32,2023-11-04 00:00:00,37,24,1,117.53,Debit Card,4,117.53
33,2023-01-27 07:00:00,32,20,8,164.9,Cash,8,1319.2
34,2023-02-22 02:00:00,87,8,4,138.27,Debit Card,5,553.08
35,2023-10-10 22:00:00,165,31,1,70.67,Credit Card,2,70.67
36,2023-09-03 09:00:00,186,4,6,18.76,Cash,4,112.56
37,2023-02-06 03:00:00,190,45,2,172.44,Debit Card,5,344.88
38,2023-04-14 00:00:00,146,23,3,67.44,Debit Card,8,202.32
39,2023-01-17 21:00:00,7,42,7,102.74,Cash,4,719.18
40,2023-12-04 21:00:00,109,32,9,63.63,Credit Card,6,572.6700000000001
41,2023-01-23 15:00:00,43,35,2,167.72,Cash,3,335.44
42,2023-03-02 09:00:00,12,48,5,38.88,Debit Card,3,194.4
43,2023-07-13 22:00:00,137,15,9,28.45,Digital Wallet,1,256.05
44,2023-06-10 02:00:00,50,18,1,125.32,Digital Wallet,1,125.32
45,2023-06-11 19:00:00,78,20,7,181.69,Cash,6,1271.83
46,2023-12-20 08:00:00,124,34,5,167.57,Credit Card,6,837.8499999999999
47,2023-12-28 08:00:00,64,21,6,37.3,Digital Wallet,4,223.79999999999998
48,2023-03-26 22:00:00,43,1,1,52.63,Cash,1,52.63
49,2023-05-26 10:00:00,55,12,6,117.05,Digital Wallet,6,702.3
50,2023-06-05 16:00:00,145,35,4,152.9,Debit Card,5,611.6
51,2023-01-26 21:00:00,153,34,2,17.03,Cash,1,34.06
52,2023-12-06 15:00:00,112,24,3,175.14,Cash,3,525.42
53,2023-04-14 04:00:00,96,7,2,159.85,Debit Card,3,319.7
54,2023-04-19 11:00:00,64,1,5,118.86,Credit Card,1,594.3
55,2023-08-01 08:00:00,99,4,8,174.41,Cash,9,1395.28
56,2023-11-10 22:00:00,23,26,1,130.34,Debit Card,3,130.34
57,2023-12-12 23:00:00,104,44,3,62.06,Cash,6,186.18
58,2023-11-02 10:00:00,28,26,1,119.87,Digital Wallet,2,119.87
59,2023-09-30 01:00:00,33,7,4,105.6,Cash,9,422.4
60,2023-10-20 15:00:00,145,20,5,33.56,Cash,8,167.8
61,2023-10-23 16:00:00,187,22,6,91.85,Credit Card,4,551.0999999999999
62,2023-07-12 01:00:00,61,46,3,163.93,Debit Card,8,491.79
63,2023-08-31 21:00:00,106,38,4,121.2,Cash,5,484.8
64,2023-06-11 01:00:00,55,45,1,24.58,Debit Card,2,24.58
65,2023-05-26 20:00:00,122,14,2,23.66,Digital Wallet,8,47.32
66,2023-11-10 03:00:00,199,8,7,145.24,Credit Card,10,1016.6800000000001
67,2023-11-30 07:00:00,161,13,8,169.19,Cash,8,1353.52
68,2023-04-27 19:00:00,145,4,3,101.88,Debit Card,2,305.64
69,2023-03-27 10:00:00,60,46,2,119.29,Digital Wallet,5,238.58
70,2023-04-30 17:00:00,93,40,4,184.21,Debit Card,3,736.84
71,2023-01-02 23:00:00,128,46,4,22.05,Credit Card,1,88.2
72,2023-06-14 07:00:00,56,37,4,35.81,Cash,2,143.24
73,2023-07-28 23:00:00,89,8,2,19.15,Debit Card,3,38.3
74,2023-01-02 07:00:00,6,15,5,82.13,Credit Card,6,410.65
75,2023-05-09 03:00:00,82,5,1,83.85,Credit Card,7,83.85
76,2023-10-20 19:00:00,196,10,5,55.13,Debit Card,8,275.65000000000003
77,2023-11-19 12:00:00,56,10,3,57.06,Digital Wallet,5,171.18
78,2023-04-23 05:00:00,61,45,2,13.38,Cash,1,26.76
79,2023-01-15 18:00:00,186,9,5,59.4,Credit Card,7,297.0
80,2023-09-16 05:00:00,28,3,7,156.09,Debit Card,5,1092.63
81,2023-10-31 08:00:00,19,32,1,177.06,Debit Card,4,177.06
82,2023-01-06 04:00:00,88,42,9,104.3,Cash,6,938.6999999999999
83,2023-09-17 01:00:00,184,40,2,60.92,Credit Card,9,121.84
84,2023-10-16 23:00:00,21,6,7,140.54,Credit Card,4,983.78
85,2023-03-30 18:00:00,10,47,7,186.61,Digital Wallet,1,1306.27
86,2023-11-27 15:00:00,10,35,8,131.17,Digital Wallet,2,1049.36
87,2023-03-09 07:00:00,156,36,6,110.16,Digital Wallet,9,660.96
88,2023-07-21 13:00:00,186,35,6,42.27,Digital Wallet,1,253.62
89,2023-05-16 03:00:00,107,5,8,99.54,Credit Card,4,796.32
90,2023-10-14 05:00:00,179,4,8,133.73,Cash,10,1069.84
91,2023-03-08 06:00:00,8,14,5,145.33,Debit Card,1,726.6500000000001
92,2023-12-08 00:00:00,58,50,6,178.96,Cash,10,1073.76
93,2023-04-14 17:00:00,79,15,9,23.03,Digital Wallet,2,207.27
94,2023-06-16 14:00:00,69,6,3,87.1,Cash,6,261.29999999999995
95,2023-11-16 08:00:00,24,2,6,175.19,Debit Card,7,1051.1399999999999
96,2023-04-02 01:00:00,76,39,8,127.11,Debit Card,7,1016.88
97,2023-03-28 06:00:00,128,23,7,23.98,Cash,2,167.86
98,2023-01-15 17:00:00,125,50,4,167.64,Credit Card,2,670.56
99,2023-08-27 21:00:00,170,42,4,136.72,Cash,2,546.88
100,2023-04-01 11:00:00,168,14,7,46.69,Debit Card,10,326.83
101,2023-01-03 02:00:00,71,15,3,162.84,Cash,3,488.52
102,2023-04-18 13:00:00,3,44,8,68.88,Debit Card,9,551.04
103,2023-09-06 13:00:00,72,40,2,76.56,Digital Wallet,3,153.12
104,2023-11-05 15:00:00,199,38,7,133.58,Debit Card,3,935.0600000000001
105,2023-07-17 22:00:00,28,19,8,152.6,Debit Card,4,1220.8
106,2023-09-26 16:00:00,176,15,2,165.92,Cash,4,331.84
107,2023-02-24 22:00:00,183,26,3,196.47,Credit Card,5,589.41
108,2023-07-07 13:00:00,94,5,9,101.43,Credit Card,7,912.8700000000001
109,2023-04-23 23:00:00,148,12,7,173.07,Digital Wallet,3,1211.49
110,2023-11-17 00:00:00,135,49,1,32.82,Credit Card,5,32.82
111,2023-01-03 16:00:00,49,36,8,89.58,Credit Card,6,716.64
112,2023-01-27 06:00:00,143,33,2,128.27,Credit Card,4,256.54
113,2023-06-06 18:00:00,61,32,9,60.97,Debit Card,1,548.73
114,2023-11-08 03:00:00,56,25,5,170.62,Debit Card,3,853.1
115,2023-10-01 07:00:00,53,28,1,22.57,Debit Card,1,22.57
116,2023-07-23 06:00:00,52,1,5,116.79,Debit Card,9,583.95
117,2023-04-03 15:00:00,166,9,5,84.51,Cash,10,422.55
118,2023-04-27 20:00:00,43,10,5,126.99,Cash,8,634.9499999999999
119,2023-08-15 17:00:00,136,5,1,89.28,Cash,9,89.28
120,2023-09-21 13:00:00,148,25,7,96.54,Debit Card,2,675.7800000000001
121,2023-01-07 04:00:00,150,2,2,85.66,Credit Card,3,171.32
122,2023-09-16 22:00:00,86,23,9,183.73,Cash,7,1653.57
123,2023-10-14 05:00:00,184,2,9,146.27,Credit Card,4,1316.43
124,2023-06-02 10:00:00,15,28,9,25.93,Digital Wallet,6,233.37
125,2023-09-16 19:00:00,130,44,5,135.87,Digital Wallet,10,679.35
126,2023-10-21 17:00:00,49,34,9,35.24,Cash,8,317.16
127,2023-10-11 15:00:00,115,11,5,108.41,Cash,2,542.05
128,2023-10-08 19:00:00,108,46,1,25.63,Cash,9,25.63
129,2023-01-02 12:00:00,156,11,7,156.87,Credit Card,8,1098.0900000000001
130,2023-09-01 20:00:00,98,45,8,87.42,Credit Card,7,699.36
131,2023-09-11 09:00:00,159,22,7,169.61,Digital Wallet,7,1187.27
132,2023-08-28 07:00:00,44,22,4,129.9,Credit Card,8,519.6
133,2023-11-13 09:00:00,10,13,5,173.69,Digital Wallet,5,868.45
134,2023-10-10 07:00:00,109,42,1,104.61,Cash,10,104.61
135,2023-08-20 07:00:00,125,48,9,77.95,Credit Card,8,701.5500000000001
136,2023-03-14 15:00:00,91,8,9,46.24,Debit Card,7,416.16
137,2023-12-29 10:00:00,20,7,4,88.95,Debit Card,3,355.8
138,2023-08-30 07:00:00,87,1,8,98.95,Debit Card,5,791.6
139,2023-04-09 09:00:00,52,43,7,181.92,Credit Card,8,1273.4399999999998
140,2023-07-27 10:00:00,124,19,4,101.69,Cash,4,406.76
141,2023-10-11 03:00:00,111,25,7,149.26,Credit Card,6,1044.82
142,2023-02-08 20:00:00,183,9,8,181.92,Debit Card,1,1455.36
143,2023-09-28 09:00:00,122,45,8,166.11,Debit Card,3,1328.88
144,2023-03-03 15:00:00,104,46,1,51.03,Digital Wallet,5,51.03
145,2023-11-02 17:00:00,17,21,3,84.85,Debit Card,6,254.54999999999998
146,2023-02-12 04:00:00,171,14,6,117.96,Digital Wallet,8,707.76
147,2023-08-31 03:00:00,67,7,4,195.19,Credit Card,3,780.76
148,2023-05-27 09:00:00,50,13,6,128.22,Cash,8,769.3199999999999
149,2023-07-06 09:00:00,189,26,9,10.27,Credit Card,3,92.42999999999999
150,2023-12-19 16:00:00,82,48,2,86.13,Credit Card,6,172.26
151,2023-04-13 22:00:00,69,43,5,100.66,Debit Card,10,503.29999999999995
152,2023-09-21 03:00:00,91,43,2,88.57,Credit Card,2,177.14
153,2023-10-21 22:00:00,35,8,8,184.64,Credit Card,2,1477.12
154,2023-07-12 04:00:00,12,8,2,176.76,Credit Card,1,353.52
155,2023-03-05 18:00:00,83,17,1,120.89,Debit Card,7,120.89
156,2023-06-04 19:00:00,99,15,4,102.82,Digital Wallet,2,411.28
157,2023-02-06 11:00:00,188,28,4,151.73,Debit Card,10,606.92
158,2023-05-27 08:00:00,38,25,6,127.44,Digital Wallet,3,764.64
159,2023-02-18 14:00:00,148,33,7,190.65,Cash,2,1334.55
160,2023-09-20 11:00:00,183,10,9,153.34,Credit Card,2,1380.06
161,2023-10-27 04:00:00,120,16,6,105.63,Digital Wallet,2,633.78
162,2023-04-05 00:00:00,32,8,9,162.99,Debit Card,3,1466.91
163,2023-12-12 14:00:00,95,28,5,26.08,Debit Card,5,130.39999999999998
164,2023-02-06 06:00:00,141,9,4,67.46,Cash,4,269.84
165,2023-06-01 03:00:00,79,30,5,167.66,Digital Wallet,7,838.3
166,2023-05-31 22:00:00,185,41,2,60.06,Cash,4,120.12
167,2023-06-02 03:00:00,30,14,6,132.2,Debit Card,7,793.1999999999999
168,2023-07-13 16:00:00,200,32,3,179.6,Cash,7,538.8
169,2023-04-27 23:00:00,59,25,7,100.07,Cash,2,700.49
170,2023-03-13 08:00:00,32,32,7,76.49,Cash,2,535.43
171,2023-11-15 10:00:00,163,46,6,132.61,Debit Card,5,795.6600000000001
172,2023-10-24 14:00:00,13,40,6,28.56,Credit Card,4,171.35999999999999
173,2023-12-26 01:00:00,40,33,9,101.19,Credit Card,4,910.71
174,2023-11-06 07:00:00,42,19,8,100.1,Credit Card,7,800.8
175,2023-10-11 20:00:00,135,18,9,79.36,Cash,4,714.24
176,2023-07-02 05:00:00,93,19,8,55.53,Debit Card,9,444.24
177,2023-06-27 23:00:00,197,49,4,91.55,Debit Card,1,366.2
178,2023-06-22 00:00:00,108,20,4,96.92,Cash,8,387.68
179,2023-02-20 14:00:00,110,11,9,136.43,Credit Card,5,1227.8700000000001
180,2023-09-11 19:00:00,118,29,8,151.35,Debit Card,7,1210.8
181,2023-07-09 11:00:00,190,9,5,24.79,Debit Card,3,123.94999999999999
182,2023-05-04 04:00:00,165,10,8,164.41,Digital Wallet,10,1315.28
183,2023-07-12 12:00:00,166,26,7,81.57,Digital Wallet,5,570.99
184,2023-10-26 01:00:00,59,46,2,60.85,Credit Card,1,121.7
185,2023-06-06 18:00:00,37,7,8,198.95,Credit Card,10,1591.6
186,2023-09-09 22:00:00,194,37,8,158.82,Cash,8,1270.56
187,2023-02-28 04:00:00,200,39,4,30.19,Debit Card,8,120.76
188,2023-09-05 06:00:00,118,32,2,130.44,Digital Wallet,3,260.88
189,2023-02-24 04:00:00,44,50,2,56.54,Debit Card,2,113.08
190,2023-05-28 10:00:00,144,10,1,107.04,Digital Wallet,7,107.04
191,2023-11-30 09:00:00,29,14,4,106.93,Digital Wallet,7,427.72
192,2023-01-31 07:00:00,65,28,7,129.91,Cash,10,909.37
193,2023-05-06 09:00:00,55,29,1,30.65,Digital Wallet,7,30.65
194,2023-08-15 12:00:00,22,10,4,65.03,Debit Card,10,260.12
195,2023-06-26 02:00:00,96,45,4,37.08,Debit Card,6,148.32
196,2023-09-04 09:00:00,59,24,6,89.86,Digital Wallet,4,539.16
197,2023-12-30 08:00:00,93,13,5,68.16,Cash,10,340.79999999999995
198,2023-04-03 00:00:00,44,28,3,76.1,Digital Wallet,6,228.29999999999998
199,2023-10-28 03:00:00,75,36,9,57.74,Cash,6,519.66
200,2023-05-28 09:00:00,15,17,9,178.87,Digital Wallet,10,1609.83
201,2023-07-11 10:00:00,177,44,6,24.56,Credit Card,3,147.35999999999999
202,2023-03-01 04:00:00,66,1,6,181.17,Digital Wallet,4,1087.02
203,2023-05-02 23:00:00,106,14,2,50.1,Debit Card,6,100.2
204,2023-12-19 18:00:00,191,33,9,77.47,Credit Card,2,697.23
205,2023-05-21 00:00:00,99,46,4,104.45,Digital Wallet,5,417.8
206,2023-08-19 03:00:00,197,27,8,52.85,Credit Card,9,422.8
207,2023-04-24 20:00:00,69,30,8,149.89,Credit Card,6,1199.12
208,2023-09-26 01:00:00,49,35,8,118.9,Cash,1,951.2
209,2023-06-14 22:00:00,131,1,3,185.86,Cash,8,557.58
210,2023-07-03 03:00:00,57,22,3,81.27,Credit Card,10,243.81
211,2023-07-24 16:00:00,184,29,2,105.03,Digital Wallet,4,210.06
212,2023-11-30 13:00:00,165,10,6,61.97,Credit Card,1,371.82
213,2023-07-02 01:00:00,96,36,6,113.73,Cash,10,682.38
214,2023-11-12 17:00:00,189,10,3,130.27,Debit Card,9,390.81000000000006
215,2023-12-05 09:00:00,36,41,1,141.67,Credit Card,7,141.67
216,2023-05-19 19:00:00,27,41,5,191.14,Credit Card,7,955.6999999999999
217,2023-05-04 18:00:00,188,11,5,125.62,Credit Card,5,628.1
218,2023-05-26 22:00:00,152,44,7,99.8,Debit Card,4,698.6
219,2023-02-05 14:00:00,30,25,5,32.65,Credit Card,3,163.25
220,2023-04-06 02:00:00,124,11,9,53.72,Digital Wallet,5,483.48
221,2023-07-11 10:00:00,170,12,3,140.54,Debit Card,1,421.62
222,2023-07-06 15:00:00,67,24,7,165.39,Cash,2,1157.73
223,2023-12-01 16:00:00,54,46,6,52.63,Digital Wallet,5,315.78000000000003
224,2023-10-13 09:00:00,193,1,8,117.06,Credit Card,3,936.48
225,2023-04-15 15:00:00,41,39,2,86.26,Credit Card,3,172.52
226,2023-02-17 09:00:00,90,31,1,111.94,Debit Card,10,111.94
227,2023-07-03 01:00:00,124,4,4,21.09,Cash,7,84.36
228,2023-03-31 08:00:00,85,43,4,112.94,Cash,2,451.76
229,2023-08-04 17:00:00,32,16,2,10.85,Credit Card,8,21.7
230,2023-12-18 19:00:00,59,34,4,142.25,Credit Card,3,569.0
231,2023-10-06 17:00:00,147,10,7,33.09,Cash,4,231.63000000000002
232,2023-09-25 04:00:00,187,43,7,75.29,Credit Card,2,527.0300000000001
233,2023-11-22 16:00:00,114,35,7,64.25,Cash,5,449.75
234,2023-11-13 17:00:00,155,22,5,81.11,Digital Wallet,9,405.55
235,2023-05-23 00:00:00,63,11,8,117.35,Digital Wallet,2,938.8
236,2023-11-13 17:00:00,60,17,8,46.52,Digital Wallet,8,372.16
237,2023-06-10 15:00:00,179,50,3,116.31,Digital Wallet,3,348.93
238,2023-11-06 09:00:00,98,42,9,18.6,Cash,7,167.4
239,2023-08-25 14:00:00,117,30,7,33.29,Debit Card,8,233.03
240,2023-05-18 18:00:00,179,38,8,46.32,Cash,6,370.56
241,2023-05-09 23:00:00,111,10,4,162.71,Cash,3,650.84
242,2023-07-13 21:00:00,68,4,7,131.28,Cash,4,918.96
243,2023-03-21 04:00:00,193,7,8,114.71,Cash,2,917.68
244,2023-10-25 20:00:00,78,21,5,193.22,Debit Card,8,966.1
245,2023-07-17 09:00:00,17,4,4,176.87,Cash,4,707.48
246,2023-02-28 07:00:00,139,29,9,100.78,Digital Wallet,5,907.02
247,2023-07-19 12:00:00,41,19,2,32.42,Cash,4,64.84
248,2023-09-11 17:00:00,25,27,3,196.36,Digital Wallet,6,589.08
249,2023-09-12 12:00:00,45,24,4,169.86,Credit Card,8,679.44
250,2023-02-03 01:00:00,151,12,4,21.2,Credit Card,7,84.8
251,2023-05-19 08:00:00,28,36,9,191.31,Credit Card,3,1721.79
252,2023-01-19 05:00:00,153,20,6,22.4,Debit Card,1,134.39999999999998
253,2023-08-30 18:00:00,22,29,5,189.37,Digital Wallet,4,946.85
254,2023-07-07 05:00:00,67,28,5,77.13,Credit Card,3,385.65
255,2023-09-04 09:00:00,138,10,8,105.07,Credit Card,10,840.56
256,2023-11-27 11:00:00,115,21,7,151.97,Cash,1,1063.79
257,2023-10-18 03:00:00,116,8,3,78.56,Digital Wallet,3,235.68
258,2023-07-02 10:00:00,19,10,9,195.44,Credit Card,8,1758.96
259,2023-07-30 00:00:00,6,35,1,14.49,Debit Card,8,14.49
260,2023-03-13 10:00:00,175,8,8,92.2,Debit Card,9,737.6
261,2023-04-14 20:00:00,120,3,9,15.72,Cash,10,141.48000000000002
262,2023-07-08 23:00:00,9,1,2,33.76,Digital Wallet,9,67.52
263,2023-04-08 08:00:00,154,39,8,98.48,Digital Wallet,7,787.84
264,2023-09-16 05:00:00,18,14,9,14.63,Credit Card,10,131.67000000000002
265,2023-08-09 23:00:00,173,33,2,50.02,Digital Wallet,5,100.04
266,2023-10-13 23:00:00,37,14,5,83.11,Digital Wallet,4,415.55
267,2023-01-06 01:00:00,42,30,4,44.48,Credit Card,10,177.92
268,2023-10-22 15:00:00,143,50,3,174.18,Credit Card,6,522.54
269,2023-12-02 19:00:00,178,38,4,189.09,Digital Wallet,1,756.36
270,2023-05-16 15:00:00,141,39,2,55.54,Credit Card,6,111.08
271,2023-07-20 06:00:00,52,43,1,197.28,Cash,6,197.28
272,2023-06-07 15:00:00,177,15,2,108.44,Debit Card,7,216.88
273,2023-01-21 12:00:00,75,46,5,171.95,Debit Card,9,859.75
274,2023-10-16 02:00:00,57,48,8,164.0,Cash,6,1312.0
275,2023-08-04 01:00:00,195,31,6,30.87,Digital Wallet,5,185.22
276,2023-10-24 10:00:00,151,24,7,129.19,Digital Wallet,6,904.3299999999999
277,2023-06-28 09:00:00,194,21,7,11.34,Digital Wallet,5,79.38
278,2023-02-28 11:00:00,171,13,3,166.35,Debit Card,3,499.04999999999995
279,2023-01-10 22:00:00,101,12,7,78.47,Cash,10,549.29
280,2023-12-29 23:00:00,145,17,1,142.09,Debit Card,2,142.09
281,2023-04-06 00:00:00,106,28,1,18.28,Digital Wallet,3,18.28
282,2023-12-28 09:00:00,84,15,4,36.95,Debit Card,8,147.8
283,2023-10-26 08:00:00,13,46,4,171.71,Credit Card,10,686.84
284,2023-08-16 12:00:00,96,43,3,91.96,Debit Card,8,275.88
285,2023-06-02 07:00:00,17,26,7,177.95,Digital Wallet,10,1245.6499999999999
286,2023-06-29 00:00:00,106,36,1,73.92,Cash,5,73.92
287,2023-04-05 09:00:00,141,48,1,178.84,Debit Card,5,178.84
288,2023-11-18 08:00:00,175,43,9,67.67,Debit Card,5,609.03
289,2023-04-30 00:00:00,112,35,5,67.06,Cash,4,335.3
290,2023-12-10 19:00:00,166,37,9,26.65,Credit Card,5,239.85
291,2023-06-19 10:00:00,180,48,1,27.38,Cash,9,27.38
292,2023-01-04 22:00:00,156,31,1,26.78,Credit Card,4,26.78
293,2023-07-11 22:00:00,75,43,9,14.1,Debit Card,2,126.89999999999999
294,2023-02-05 15:00:00,20,13,9,106.54,Cash,5,958.86
295,2023-02-06 21:00:00,8,35,6,173.04,Debit Card,1,1038.24
296,2023-04-03 20:00:00,118,48,2,25.13,Digital Wallet,7,50.26
297,2023-02-23 10:00:00,2,38,5,52.76,Digital Wallet,7,263.8
298,2023-08-07 05:00:00,59,23,4,17.71,Digital Wallet,9,70.84
299,2023-05-20 06:00:00,116,32,9,84.62,Credit Card,7,761.58
300,2023-11-02 22:00:00,88,41,1,71.13,Debit Card,5,71.13
301,2023-01-16 18:00:00,114,34,7,95.25,Debit Card,8,666.75
302,2024-01-01 23:00:00,122,26,7,18.71,Debit Card,1,130.97
303,2023-06-30 20:00:00,140,16,5,179.83,Cash,1,899.1500000000001
304,2023-04-05 18:00:00,196,50,6,45.69,Debit Card,7,274.14
305,2023-11-10 09:00:00,142,45,8,155.62,Debit Card,8,1244.96
306,2023-02-25 04:00:00,158,36,2,69.52,Digital Wallet,6,139.04
307,2023-11-04 20:00:00,61,35,9,59.29,Credit Card,6,533.61
308,2023-07-30 21:00:00,81,48,3,71.69,Cash,4,215.07
309,2023-01-07 23:00:00,178,22,6,164.32,Debit Card,1,985.92
310,2023-07-22 16:00:00,33,2,3,125.48,Credit Card,9,376.44
311,2023-11-30 13:00:00,59,9,5,184.47,Debit Card,8,922.35
312,2023-10-21 06:00:00,146,50,8,28.18,Digital Wallet,7,225.44
313,2023-12-15 22:00:00,194,48,4,86.88,Debit Card,3,347.52
314,2023-02-05 04:00:00,24,12,4,18.43,Credit Card,4,73.72
315,2023-12-11 09:00:00,86,29,9,112.95,Credit Card,5,1016.5500000000001
316,2023-02-28 04:00:00,151,10,2,114.81,Cash,5,229.62
317,2023-10-25 09:00:00,76,46,1,125.04,Cash,10,125.04
318,2023-06-29 15:00:00,31,22,2,36.09,Credit Card,3,72.18
319,2023-05-27 03:00:00,116,29,6,89.69,Digital Wallet,7,538.14
320,2023-11-07 00:00:00,69,4,9,174.19,Debit Card,8,1567.71
321,2023-12-18 11:00:00,193,50,3,30.61,Cash,4,91.83
322,2023-07-29 17:00:00,88,32,8,154.28,Credit Card,10,1234.24
323,2023-06-23 20:00:00,117,31,6,59.58,Cash,1,357.48
324,2023-08-13 01:00:00,140,36,4,85.23,Credit Card,6,340.92
325,2023-07-04 21:00:00,110,50,6,22.57,Debit Card,3,135.42000000000002
326,2023-01-19 12:00:00,1,11,4,99.22,Digital Wallet,5,396.88
327,2023-03-27 19:00:00,79,43,3,143.49,Debit Card,8,430.47
328,2023-09-25 02:00:00,48,38,6,188.37,Debit Card,9,1130.22
329,2023-05-25 22:00:00,178,40,7,58.3,Debit Card,10,408.09999999999997
330,2023-09-24 21:00:00,131,7,6,37.02,Cash,2,222.12
331,2023-10-29 17:00:00,175,35,5,71.09,Digital Wallet,10,355.45000000000005
332,2023-05-15 12:00:00,56,2,3,73.75,Cash,3,221.25
333,2023-08-04 02:00:00,9,41,1,63.94,Credit Card,6,63.94
334,2023-06-21 00:00:00,115,45,3,195.66,Credit Card,7,586.98
335,2023-06-21 05:00:00,89,27,6,113.22,Credit Card,8,679.3199999999999
336,2023-12-09 01:00:00,145,12,9,49.8,Digital Wallet,1,448.2
337,2023-12-10 13:00:00,41,6,4,22.93,Credit Card,1,91.72
338,2023-05-17 09:00:00,142,29,6,62.09,Cash,3,372.54
339,2023-12-22 12:00:00,68,25,6,34.59,Credit Card,10,207.54000000000002
340,2023-05-06 08:00:00,171,19,3,103.38,Credit Card,3,310.14
341,2023-10-14 14:00:00,22,7,9,128.54,Credit Card,4,1156.86
342,2023-04-04 07:00:00,152,50,1,176.07,Cash,2,176.07
343,2023-12-21 13:00:00,47,32,3,169.38,Credit Card,5,508.14
344,2023-01-08 11:00:00,188,23,8,62.88,Cash,8,503.04
345,2023-02-16 08:00:00,47,30,3,63.81,Debit Card,5,191.43
346,2023-12-27 18:00:00,118,5,2,81.4,Debit Card,10,162.8
347,2023-12-31 09:00:00,165,19,2,70.45,Debit Card,3,140.9
348,2023-03-20 23:00:00,33,20,1,19.14,Cash,4,19.14
349,2023-07-11 13:00:00,121,4,1,28.57,Digital Wallet,2,28.57
350,2023-11-18 20:00:00,122,44,9,137.43,Debit Card,10,1236.8700000000001
351,2023-01-22 18:00:00,160,18,2,130.7,Cash,3,261.4
352,2023-10-10 23:00:00,16,15,7,167.2,Digital Wallet,4,1170.3999999999999
353,2023-06-16 08:00:00,160,47,4,23.62,Debit Card,8,94.48
354,2023-09-18 17:00:00,97,21,3,107.6,Cash,6,322.79999999999995
355,2023-11-02 08:00:00,96,4,4,93.66,Credit Card,8,374.64
356,2023-11-22 12:00:00,168,13,6,63.2,Digital Wallet,3,379.20000000000005
357,2023-04-27 22:00:00,178,49,1,54.64,Debit Card,9,54.64
358,2023-01-28 18:00:00,187,12,6,59.12,Credit Card,9,354.71999999999997
359,2023-01-19 04:00:00,113,32,3,92.83,Debit Card,6,278.49
360,2023-09-10 16:00:00,119,7,1,30.73,Debit Card,7,30.73
361,2023-08-29 08:00:00,91,7,9,140.17,Credit Card,3,1261.53
362,2023-04-18 17:00:00,16,49,8,60.17,Debit Card,2,481.36
363,2023-08-04 07:00:00,105,27,4,50.16,Debit Card,10,200.64
364,2023-04-30 01:00:00,82,25,1,61.42,Debit Card,10,61.42
365,2023-09-07 03:00:00,184,15,5,167.6,Credit Card,7,838.0
366,2023-11-29 19:00:00,174,12,6,106.57,Debit Card,8,639.42
367,2023-11-10 05:00:00,73,42,4,130.02,Cash,7,520.08
368,2023-04-15 09:00:00,195,36,3,72.62,Credit Card,1,217.86
369,2023-09-17 02:00:00,188,21,6,18.44,Cash,6,110.64000000000001
370,2023-06-04 20:00:00,18,46,4,153.07,Credit Card,7,612.28
371,2023-04-25 10:00:00,162,35,3,160.58,Cash,6,481.74
372,2023-01-25 09:00:00,148,14,1,189.63,Debit Card,4,189.63
373,2023-01-01 16:00:00,71,44,8,40.16,Digital Wallet,7,321.28
374,2023-12-26 05:00:00,176,34,5,189.86,Credit Card,9,949.3000000000001
375,2023-10-09 01:00:00,196,46,7,21.52,Cash,10,150.64
376,2023-04-03 08:00:00,147,46,5,198.05,Cash,10,990.25
377,2023-09-21 05:00:00,91,12,3,158.62,Credit Card,4,475.86
378,2023-09-24 04:00:00,60,12,8,184.59,Digital Wallet,4,1476.72
379,2023-07-31 20:00:00,192,6,1,126.97,Debit Card,3,126.97
380,2023-05-23 06:00:00,4,19,5,172.45,Credit Card,6,862.25
381,2023-10-14 16:00:00,131,12,4,108.28,Credit Card,4,433.12
382,2023-11-23 15:00:00,73,3,5,117.4,Cash,5,587.0
383,2023-11-10 23:00:00,119,14,7,156.77,Cash,1,1097.39
384,2023-12-30 17:00:00,46,36,3,182.21,Credit Card,7,546.63
385,2023-02-16 23:00:00,67,18,1,123.21,Debit Card,9,123.21
386,2023-09-01 02:00:00,130,2,7,10.86,Debit Card,3,76.02
387,2023-07-24 08:00:00,95,14,7,114.59,Digital Wallet,5,802.13
388,2023-05-13 02:00:00,124,48,3,116.55,Debit Card,7,349.65
389,2023-09-28 02:00:00,34,8,1,63.47,Debit Card,4,63.47
390,2023-05-12 03:00:00,183,46,3,175.09,Debit Card,5,525.27
391,2023-04-07 23:00:00,164,43,6,195.35,Credit Card,7,1172.1
392,2023-02-18 14:00:00,29,49,9,59.08,Debit Card,5,531.72
393,2023-11-15 00:00:00,176,28,2,98.52,Digital Wallet,8,197.04
394,2023-04-26 04:00:00,120,3,2,160.6,Cash,7,321.2
395,2023-08-24 19:00:00,131,18,2,66.32,Digital Wallet,6,132.64
396,2023-03-26 22:00:00,158,20,9,145.6,Credit Card,4,1310.3999999999999
397,2023-07-03 20:00:00,178,2,3,133.1,Cash,7,399.29999999999995
398,2023-11-12 03:00:00,52,48,9,138.5,Cash,5,1246.5
399,2023-03-14 07:00:00,73,4,1,56.98,Credit Card,7,56.98
400,2023-12-10 09:00:00,121,45,5,73.92,Cash,6,369.6
401,2023-11-02 08:00:00,83,32,4,164.29,Debit Card,2,657.16
402,2023-02-05 10:00:00,29,38,8,124.25,Credit Card,8,994.0
403,2023-08-03 16:00:00,200,22,8,128.19,Credit Card,7,1025.52
404,2023-11-04 18:00:00,11,49,9,80.01,Digital Wallet,6,720.09
405,2023-10-30 14:00:00,149,41,6,107.76,Debit Card,9,646.5600000000001
406,2023-04-20 17:00:00,123,29,2,146.91,Debit Card,8,293.82
407,2023-04-27 01:00:00,54,13,3,62.5,Credit Card,7,187.5
408,2023-02-17 13:00:00,54,39,4,139.55,Digital Wallet,6,558.2
409,2023-09-03 07:00:00,14,1,7,124.66,Credit Card,3,872.62
410,2023-06-30 18:00:00,175,6,6,138.74,Debit Card,1,832.44
411,2023-04-29 07:00:00,41,40,1,196.92,Digital Wallet,1,196.92
412,2023-01-25 09:00:00,120,44,5,154.88,Cash,7,774.4
413,2023-06-26 08:00:00,47,39,2,86.75,Cash,3,173.5
414,2023-11-26 01:00:00,145,30,6,96.2,Debit Card,9,577.2
415,2023-06-02 21:00:00,63,27,3,60.07,Cash,5,180.21
416,2023-06-17 16:00:00,115,34,9,16.26,Cash,5,146.34
417,2023-12-16 18:00:00,55,10,3,92.0,Digital Wallet,1,276.0
418,2023-09-18 05:00:00,84,27,1,124.12,Credit Card,8,124.12
419,2023-02-20 00:00:00,25,49,9,73.7,Cash,2,663.3000000000001
420,2023-05-29 22:00:00,45,50,7,47.05,Digital Wallet,4,329.34999999999997
421,2023-04-04 22:00:00,2,30,2,62.43,Credit Card,1,124.86
422,2023-10-15 14:00:00,149,13,6,194.46,Cash,9,1166.76
423,2023-07-27 18:00:00,46,48,7,171.79,Digital Wallet,7,1202.53
424,2023-02-05 20:00:00,161,40,5,46.39,Credit Card,4,231.95
425,2023-08-02 21:00:00,48,40,8,73.06,Credit Card,6,584.48
426,2023-05-06 12:00:00,30,21,3,73.15,Credit Card,9,219.45000000000002
427,2023-12-16 11:00:00,21,48,7,124.04,Cash,7,868.2800000000001
428,2023-01-25 15:00:00,57,29,8,134.72,Cash,9,1077.76
429,2023-05-19 15:00:00,23,20,1,157.96,Cash,7,157.96
430,2023-04-19 05:00:00,95,37,8,68.91,Digital Wallet,6,551.28
431,2023-12-08 06:00:00,196,49,5,178.76,Credit Card,5,893.8
432,2023-02-12 21:00:00,192,13,1,71.97,Cash,6,71.97
433,2023-01-28 16:00:00,185,18,4,140.26,Cash,9,561.04
434,2023-08-08 13:00:00,97,19,9,46.97,Cash,5,422.73
435,2023-02-21 07:00:00,197,33,7,165.87,Debit Card,7,1161.0900000000001
436,2023-09-18 01:00:00,52,43,1,163.73,Cash,3,163.73
437,2023-05-21 00:00:00,74,14,5,174.23,Credit Card,1,871.15
438,2023-05-30 22:00:00,198,7,2,24.37,Digital Wallet,8,48.74
439,2023-09-12 23:00:00,151,42,8,127.2,Debit Card,7,1017.6
440,2023-03-19 13:00:00,98,29,2,48.29,Cash,2,96.58
441,2023-06-19 07:00:00,136,16,8,37.9,Debit Card,9,303.2
442,2023-03-04 12:00:00,24,4,1,86.99,Credit Card,7,86.99
443,2023-07-12 15:00:00,159,8,5,72.06,Debit Card,7,360.3
444,2023-07-12 13:00:00,152,5,8,76.14,Cash,4,609.12
445,2023-11-16 01:00:00,169,7,5,176.72,Debit Card,6,883.6
446,2023-07-20 08:00:00,105,6,8,52.51,Debit Card,3,420.08
447,2023-08-02 04:00:00,95,2,7,20.66,Debit Card,7,144.62
448,2023-07-08 10:00:00,38,9,6,163.37,Digital Wallet,2,980.22
449,2023-06-14 16:00:00,200,8,8,163.9,Cash,8,1311.2
450,2023-09-22 03:00:00,93,47,9,162.07,Digital Wallet,10,1458.6299999999999
451,2023-08-25 00:00:00,125,5,1,13.37,Credit Card,8,13.37
452,2023-04-01 18:00:00,26,47,5,105.23,Cash,9,526.15
453,2023-03-07 19:00:00,36,47,3,175.93,Debit Card,1,527.79
454,2023-03-08 16:00:00,149,16,2,132.45,Digital Wallet,10,264.9
455,2023-07-29 03:00:00,24,45,6,174.57,Credit Card,9,1047.42
456,2023-06-10 22:00:00,90,48,9,84.18,Credit Card,8,757.6200000000001
457,2023-08-11 04:00:00,137,29,3,68.13,Cash,6,204.39
458,2023-09-19 17:00:00,85,2,8,32.15,Credit Card,3,257.2
459,2023-05-27 08:00:00,29,34,5,194.02,Digital Wallet,4,970.1
460,2023-03-20 10:00:00,139,21,4,141.05,Cash,7,564.2
461,2023-11-05 17:00:00,4,36,4,11.59,Digital Wallet,4,46.36
462,2023-02-08 10:00:00,186,8,4,89.46,Cash,1,357.84
463,2023-09-21 17:00:00,157,36,3,73.34,Debit Card,1,220.02
464,2023-10-09 13:00:00,94,36,4,66.01,Digital Wallet,10,264.04
465,2023-04-26 11:00:00,53,32,7,178.44,Debit Card,5,1249.08
466,2023-04-18 22:00:00,67,10,9,147.8,Cash,2,1330.2
467,2023-02-18 22:00:00,37,5,5,90.31,Digital Wallet,1,451.55
468,2023-09-09 22:00:00,21,4,6,68.97,Credit Card,9,413.82
469,2023-07-02 14:00:00,182,32,8,101.0,Cash,8,808.0
470,2023-02-24 17:00:00,124,46,2,66.95,Digital Wallet,10,133.9
471,2023-10-08 23:00:00,68,48,4,32.34,Digital Wallet,3,129.36
472,2023-09-18 04:00:00,111,15,2,83.14,Debit Card,7,166.28
473,2023-08-13 08:00:00,143,46,5,123.76,Cash,4,618.8000000000001
474,2023-09-18 10:00:00,154,25,2,65.6,Debit Card,9,131.2
475,2023-07-06 21:00:00,158,12,6,19.81,Cash,2,118.85999999999999
476,2023-01-05 16:00:00,160,5,3,98.3,Cash,5,294.9
477,2023-05-20 09:00:00,90,34,7,28.79,Digital Wallet,9,201.53
478,2023-07-14 17:00:00,21,39,5,175.44,Cash,5,877.2
479,2023-04-27 15:00:00,78,38,4,43.72,Cash,3,174.88
480,2023-03-09 03:00:00,67,19,7,127.5,Credit Card,6,892.5
481,2023-07-21 03:00:00,124,18,8,64.58,Cash,6,516.64
482,2023-10-10 20:00:00,54,11,1,110.1,Credit Card,2,110.1
483,2023-09-25 03:00:00,42,2,6,101.21,Debit Card,7,607.26
484,2023-02-13 09:00:00,196,24,1,152.05,Digital Wallet,4,152.05
485,2023-09-11 03:00:00,170,47,7,46.19,Debit Card,6,323.33
486,2023-07-05 00:00:00,174,36,1,194.83,Credit Card,9,194.83
487,2023-05-12 15:00:00,94,12,9,25.09,Digital Wallet,9,225.81
488,2023-09-14 15:00:00,57,3,7,90.93,Debit Card,2,636.51
489,2023-01-21 06:00:00,83,16,8,104.58,Debit Card,2,836.64
490,2023-12-09 13:00:00,86,44,9,106.76,Debit Card,6,960.84
491,2023-03-27 02:00:00,188,20,8,87.07,Digital Wallet,2,696.56
492,2023-12-03 04:00:00,120,11,4,170.46,Digital Wallet,6,681.84
493,2023-05-18 20:00:00,41,24,2,191.61,Credit Card,5,383.22
494,2023-05-17 09:00:00,57,22,5,69.48,Credit Card,5,347.40000000000003
495,2023-04-07 06:00:00,147,44,4,133.04,Cash,9,532.16
496,2023-01-01 19:00:00,105,15,5,184.24,Debit Card,2,921.2
497,2023-03-23 18:00:00,176,40,3,141.14,Cash,3,423.41999999999996
498,2023-12-20 23:00:00,47,17,6,64.21,Digital Wallet,9,385.26
499,2023-03-17 20:00:00,183,28,4,66.61,Debit Card,3,266.44
500,2023-03-13 04:00:00,151,9,4,59.26,Cash,8,237.04
501,2023-07-08 13:00:00,128,17,2,71.08,Digital Wallet,3,142.16
502,2023-10-25 09:00:00,73,22,9,131.78,Credit Card,3,1186.02
503,2023-10-21 08:00:00,168,46,5,158.18,Digital Wallet,3,790.9000000000001
504,2023-11-06 08:00:00,191,14,8,55.49,Credit Card,8,443.92
505,2023-03-11 13:00:00,53,50,7,143.79,Credit Card,5,1006.53
506,2023-06-28 05:00:00,123,50,3,194.43,Debit Card,5,583.29
507,2023-04-18 04:00:00,61,47,2,134.6,Debit Card,4,269.2
508,2023-08-11 14:00:00,8,27,4,177.32,Credit Card,6,709.28
509,2023-07-16 14:00:00,20,22,8,124.23,Digital Wallet,1,993.84
510,2023-03-12 00:00:00,27,9,2,78.4,Credit Card,6,156.8
511,2023-10-23 08:00:00,156,44,4,176.87,Credit Card,6,707.48
512,2023-07-03 00:00:00,9,20,1,174.04,Cash,6,174.04
513,2023-01-08 18:00:00,147,47,7,41.64,Digital Wallet,9,291.48
514,2023-09-15 07:00:00,118,31,3,131.83,Credit Card,2,395.49
515,2023-11-28 02:00:00,51,15,3,158.71,Credit Card,7,476.13
516,2023-09-13 17:00:00,133,6,8,60.79,Digital Wallet,2,486.32
517,2023-02-08 14:00:00,95,1,6,169.65,Cash,6,1017.9000000000001
518,2023-09-19 13:00:00,176,10,3,194.02,Cash,8,582.0600000000001
519,2023-05-26 19:00:00,114,7,2,185.53,Debit Card,1,371.06
520,2023-05-19 04:00:00,187,19,3,186.5,Digital Wallet,4,559.5
521,2023-12-22 11:00:00,110,9,4,15.26,Digital Wallet,6,61.04
522,2023-11-28 12:00:00,178,15,5,60.76,Cash,4,303.8
523,2023-03-20 16:00:00,124,19,8,18.33,Cash,4,146.64
524,2023-04-23 05:00:00,143,16,3,90.89,Debit Card,8,272.67
525,2023-08-21 01:00:00,109,44,1,80.53,Credit Card,7,80.53
526,2023-10-31 10:00:00,151,50,7,163.64,Cash,1,1145.48
527,2023-10-08 22:00:00,46,32,6,65.26,Debit Card,4,391.56000000000006
528,2023-11-18 08:00:00,12,30,5,53.38,Digital Wallet,1,266.90000000000003
529,2023-07-13 04:00:00,180,2,1,162.95,Digital Wallet,4,162.95
530,2023-08-10 21:00:00,184,29,1,105.42,Digital Wallet,7,105.42
531,2023-10-27 22:00:00,200,36,9,160.19,Credit Card,2,1441.71
532,2023-10-22 22:00:00,80,26,2,93.1,Credit Card,9,186.2
533,2023-06-04 18:00:00,161,25,2,90.43,Cash,4,180.86
534,2023-02-22 06:00:00,9,49,6,104.48,Debit Card,4,626.88
535,2023-05-10 03:00:00,164,8,2,131.98,Debit Card,7,263.96
536,2023-01-25 13:00:00,169,45,7,199.24,Credit Card,2,1394.68
537,2023-05-12 01:00:00,81,18,8,151.23,Cash,6,1209.84
538,2023-09-16 03:00:00,44,7,2,43.56,Digital Wallet,5,87.12
539,2023-03-21 10:00:00,54,29,5,185.65,Credit Card,6,928.25
540,2023-05-08 12:00:00,36,4,7,73.68,Credit Card,10,515.76
541,2023-07-25 23:00:00,136,5,4,48.98,Digital Wallet,2,195.92
542,2023-04-08 06:00:00,63,48,5,109.03,Debit Card,8,545.15
543,2023-10-29 22:00:00,59,11,7,166.29,Digital Wallet,7,1164.03
544,2023-08-14 15:00:00,91,46,7,170.97,Debit Card,1,1196.79
545,2023-10-12 03:00:00,133,23,8,144.71,Cash,7,1157.68
546,2023-08-04 07:00:00,194,33,8,96.43,Debit Card,4,771.44
547,2023-11-28 07:00:00,57,13,6,143.33,Credit Card,1,859.98
548,2023-04-14 05:00:00,116,37,1,53.53,Debit Card,7,53.53
549,2023-01-04 02:00:00,155,42,9,74.01,Cash,10,666.09
550,2023-08-05 12:00:00,75,6,1,56.2,Digital Wallet,5,56.2
551,2023-05-22 16:00:00,135,46,8,172.27,Debit Card,1,1378.16
552,2023-03-09 16:00:00,61,38,1,22.1,Debit Card,10,22.1
553,2023-12-07 15:00:00,150,23,7,169.28,Cash,2,1184.96
554,2023-10-27 23:00:00,188,3,1,175.86,Credit Card,10,175.86
555,2023-10-23 13:00:00,183,23,9,38.06,Debit Card,7,342.54
556,2023-09-09 21:00:00,111,5,4,11.12,Cash,8,44.48
557,2023-01-27 16:00:00,4,49,9,193.2,Cash,5,1738.8
558,2023-05-17 20:00:00,140,25,6,73.24,Digital Wallet,3,439.43999999999994
559,2023-04-20 08:00:00,71,4,3,26.24,Cash,5,78.72
560,2023-08-31 04:00:00,29,25,9,35.38,Digital Wallet,10,318.42
561,2023-03-01 02:00:00,51,1,4,96.0,Digital Wallet,9,384.0
562,2023-01-11 10:00:00,136,49,4,166.72,Credit Card,1,666.88
563,2023-11-19 16:00:00,73,25,4,104.51,Debit Card,8,418.04
564,2023-08-16 10:00:00,74,28,4,150.93,Digital Wallet,5,603.72
565,2023-04-15 09:00:00,40,32,1,43.13,Debit Card,1,43.13
566,2023-09-19 21:00:00,150,50,2,89.8,Debit Card,7,179.6
567,2023-02-26 12:00:00,59,2,2,77.34,Credit Card,1,154.68
568,2023-02-13 05:00:00,187,40,9,106.2,Cash,4,955.8000000000001
569,2023-04-23 06:00:00,83,46,1,95.63,Digital Wallet,9,95.63
570,2023-08-17 07:00:00,189,22,6,58.06,Debit Card,6,348.36
571,2023-12-03 13:00:00,89,10,6,120.24,Credit Card,9,721.4399999999999
572,2023-03-11 06:00:00,72,15,1,91.74,Debit Card,10,91.74
573,2023-01-13 23:00:00,51,49,6,74.14,Digital Wallet,5,444.84000000000003
574,2023-02-28 02:00:00,181,32,8,46.51,Credit Card,8,372.08
575,2023-11-24 12:00:00,104,9,7,146.79,Debit Card,2,1027.53
576,2023-06-15 04:00:00,58,20,2,112.41,Debit Card,5,224.82
577,2023-03-15 17:00:00,151,37,2,62.78,Digital Wallet,7,125.56
578,2023-11-24 00:00:00,63,36,1,116.53,Debit Card,2,116.53
579,2023-04-25 12:00:00,182,49,7,140.37,Cash,4,982.59
580,2023-03-24 23:00:00,92,25,1,123.75,Debit Card,10,123.75
581,2023-12-31 21:00:00,35,21,6,101.87,Cash,3,611.22
582,2023-03-03 23:00:00,28,4,1,20.16,Debit Card,3,20.16
583,2023-12-06 23:00:00,18,8,2,174.39,Debit Card,7,348.78
584,2023-11-21 04:00:00,131,8,5,179.92,Digital Wallet,4,899.5999999999999
585,2023-04-17 18:00:00,98,18,9,110.67,Debit Card,4,996.03
586,2023-04-30 12:00:00,23,32,6,158.57,Cash,4,951.42
587,2023-12-16 08:00:00,139,30,3,134.62,Digital Wallet,5,403.86
588,2023-01-07 09:00:00,145,42,4,67.16,Digital Wallet,2,268.64
589,2023-07-28 01:00:00,154,8,8,117.52,Digital Wallet,8,940.16
590,2023-01-14 15:00:00,55,14,5,104.68,Cash,7,523.4000000000001
591,2023-08-06 21:00:00,156,27,9,25.73,Credit Card,9,231.57
592,2023-11-11 15:00:00,199,29,4,164.71,Debit Card,9,658.84
593,2023-09-19 17:00:00,15,23,6,185.9,Debit Card,5,1115.4
594,2023-01-15 13:00:00,159,32,5,123.87,Cash,9,619.35
595,2023-06-12 14:00:00,14,25,9,47.21,Debit Card,1,424.89
596,2023-07-02 21:00:00,137,10,1,79.31,Cash,9,79.31
597,2023-06-16 10:00:00,162,33,8,112.12,Credit Card,1,896.96
598,2023-07-08 22:00:00,191,2,8,124.68,Digital Wallet,6,997.44
599,2023-04-23 19:00:00,28,33,8,98.91,Credit Card,10,791.28
600,2023-11-19 07:00:00,4,40,8,150.92,Credit Card,5,1207.36
601,2023-02-27 05:00:00,176,7,9,87.26,Cash,8,785.34
602,2023-10-31 18:00:00,150,17,5,161.12,Cash,5,805.6
603,2023-11-25 20:00:00,166,26,8,84.59,Cash,8,676.72
604,2023-09-16 06:00:00,44,25,4,87.32,Digital Wallet,2,349.28
605,2023-08-28 17:00:00,188,11,3,143.95,Debit Card,9,431.84999999999997
606,2023-12-21 23:00:00,186,40,7,87.47,Digital Wallet,10,612.29
607,2023-08-05 12:00:00,153,22,8,130.05,Digital Wallet,5,1040.4
608,2023-10-19 21:00:00,132,20,9,71.08,Digital Wallet,2,639.72
609,2023-05-23 03:00:00,156,50,7,130.74,Cash,10,915.1800000000001
610,2023-11-07 22:00:00,45,38,3,164.19,Debit Card,7,492.57
611,2023-05-26 01:00:00,104,38,3,83.74,Cash,2,251.21999999999997
612,2023-03-05 22:00:00,99,36,5,42.24,Debit Card,8,211.20000000000002
613,2023-09-29 18:00:00,58,23,9,97.03,Cash,4,873.27
614,2023-05-01 06:00:00,15,12,1,151.93,Digital Wallet,3,151.93
615,2023-03-02 14:00:00,164,42,2,93.36,Credit Card,5,186.72
616,2023-05-19 21:00:00,109,38,1,56.97,Credit Card,10,56.97
617,2023-04-28 18:00:00,131,20,5,98.66,Debit Card,9,493.29999999999995
618,2023-09-23 10:00:00,23,40,4,159.56,Debit Card,8,638.24
619,2023-06-26 14:00:00,180,16,2,149.91,Debit Card,4,299.82
620,2023-06-12 10:00:00,8,33,8,88.97,Cash,6,711.76
621,2023-11-16 21:00:00,33,42,4,174.69,Debit Card,4,698.76
622,2023-08-22 05:00:00,79,26,4,11.41,Credit Card,5,45.64
623,2023-10-17 13:00:00,124,44,1,61.91,Cash,2,61.91
624,2023-11-06 04:00:00,50,29,6,43.3,Debit Card,5,259.79999999999995
625,2023-10-24 05:00:00,81,20,2,147.82,Credit Card,10,295.64
626,2023-05-08 02:00:00,70,38,7,10.27,Digital Wallet,9,71.89
627,2023-12-05 15:00:00,37,47,5,107.16,Digital Wallet,9,535.8
628,2023-03-10 19:00:00,180,1,7,56.59,Debit Card,4,396.13
629,2023-05-24 06:00:00,140,31,1,19.95,Digital Wallet,9,19.95
630,2023-11-08 19:00:00,175,9,9,98.46,Debit Card,3,886.14
631,2023-07-03 21:00:00,173,12,6,46.58,Digital Wallet,8,279.48
632,2023-07-23 22:00:00,19,33,1,104.56,Debit Card,8,104.56
633,2023-10-17 07:00:00,124,11,1,26.71,Cash,7,26.71
634,2023-03-21 15:00:00,39,13,3,32.09,Digital Wallet,8,96.27000000000001
635,2023-05-17 17:00:00,65,2,2,96.94,Digital Wallet,3,193.88
636,2023-09-23 23:00:00,22,42,1,40.27,Digital Wallet,3,40.27
637,2023-08-31 10:00:00,28,46,5,196.02,Debit Card,8,980.1
638,2023-10-16 07:00:00,19,46,6,26.7,Cash,4,160.2
639,2023-05-17 03:00:00,119,24,1,173.69,Cash,4,173.69
640,2023-01-16 08:00:00,117,15,4,196.34,Debit Card,7,785.36
641,2023-12-06 13:00:00,62,36,6,34.75,Credit Card,4,208.5
642,2023-11-05 18:00:00,26,49,4,159.82,Digital Wallet,2,639.28
643,2023-08-16 12:00:00,92,2,1,46.98,Digital Wallet,9,46.98
644,2023-01-21 16:00:00,92,2,8,164.56,Cash,7,1316.48
645,2023-07-12 05:00:00,95,10,3,153.32,Credit Card,1,459.96
646,2023-04-04 06:00:00,140,41,6,172.59,Cash,9,1035.54
647,2023-02-22 22:00:00,162,50,1,113.0,Digital Wallet,10,113.0
648,2023-06-15 16:00:00,103,39,1,16.06,Debit Card,5,16.06
649,2023-03-07 06:00:00,29,40,2,189.96,Digital Wallet,7,379.92
650,2023-08-09 04:00:00,60,13,5,23.94,Debit Card,5,119.7
651,2023-02-01 03:00:00,45,13,5,49.47,Cash,4,247.35
652,2023-01-16 22:00:00,188,1,3,180.26,Cash,2,540.78
653,2023-05-16 10:00:00,190,30,2,25.9,Digital Wallet,4,51.8
654,2023-04-21 17:00:00,80,37,5,178.04,Digital Wallet,10,890.1999999999999
655,2023-08-21 19:00:00,98,26,3,155.92,Debit Card,10,467.76
656,2023-06-30 02:00:00,30,49,6,127.4,Credit Card,6,764.4000000000001
657,2023-10-07 16:00:00,159,44,7,51.14,Debit Card,2,357.98
658,2023-03-13 04:00:00,80,32,9,192.96,Digital Wallet,8,1736.64
659,2023-03-04 22:00:00,183,28,8,89.8,Digital Wallet,4,718.4
660,2023-07-27 05:00:00,158,1,7,135.19,Digital Wallet,5,946.3299999999999
661,2023-12-05 00:00:00,62,9,4,129.16,Cash,10,516.64
662,2023-05-13 17:00:00,15,10,6,181.52,Digital Wallet,9,1089.1200000000001
663,2023-06-18 13:00:00,127,40,2,13.51,Debit Card,8,27.02
664,2023-07-07 07:00:00,176,49,6,167.51,Debit Card,4,1005.06
665,2023-10-29 17:00:00,134,38,9,80.12,Digital Wallet,9,721.08
666,2023-02-23 03:00:00,56,46,4,86.23,Credit Card,8,344.92
667,2023-06-10 03:00:00,19,1,3,117.98,Digital Wallet,10,353.94
668,2023-05-01 21:00:00,87,35,8,154.47,Debit Card,5,1235.76
669,2023-04-30 16:00:00,182,17,6,42.59,Credit Card,5,255.54000000000002
670,2023-04-07 12:00:00,110,39,7,50.76,Credit Card,1,355.32
671,2023-08-14 17:00:00,187,47,2,86.89,Digital Wallet,4,173.78
672,2023-11-04 23:00:00,54,42,1,98.36,Credit Card,5,98.36
673,2023-05-01 00:00:00,6,1,2,160.42,Digital Wallet,10,320.84
674,2023-11-02 04:00:00,143,10,1,40.6,Digital Wallet,9,40.6
675,2023-01-18 23:00:00,193,1,6,163.45,Cash,1,980.6999999999999
676,2023-04-26 00:00:00,18,36,3,71.14,Credit Card,2,213.42000000000002
677,2023-07-19 07:00:00,143,3,8,186.38,Debit Card,7,1491.04
678,2023-07-13 13:00:00,23,21,3,142.03,Digital Wallet,3,426.09000000000003
679,2023-06-24 22:00:00,74,23,4,116.14,Credit Card,6,464.56
680,2023-11-01 05:00:00,33,6,7,109.12,Cash,8,763.84
681,2023-01-22 07:00:00,81,22,8,189.48,Digital Wallet,6,1515.84
682,2023-12-31 14:00:00,191,33,5,42.27,Cash,8,211.35000000000002
683,2023-01-31 22:00:00,153,45,9,144.88,Credit Card,10,1303.92
684,2023-03-06 18:00:00,64,19,4,92.6,Cash,9,370.4
685,2023-02-12 19:00:00,3,15,4,196.09,Digital Wallet,5,784.36
686,2023-02-20 04:00:00,157,29,6,116.45,Credit Card,6,698.7
687,2023-06-09 15:00:00,25,25,8,55.76,Digital Wallet,1,446.08
688,2023-04-24 10:00:00,177,21,2,194.6,Debit Card,2,389.2
689,2023-09-25 21:00:00,40,23,5,189.24,Cash,10,946.2
690,2023-12-04 09:00:00,176,37,1,169.01,Credit Card,1,169.01
691,2023-05-04 08:00:00,43,49,2,117.32,Digital Wallet,1,234.64
692,2023-07-25 19:00:00,47,4,5,178.0,Digital Wallet,5,890.0
693,2023-07-01 10:00:00,55,28,5,49.18,Debit Card,2,245.9
694,2023-08-28 08:00:00,126,18,6,124.73,Credit Card,5,748.38
695,2023-09-22 19:00:00,38,7,6,170.32,Credit Card,8,1021.92
696,2023-05-14 06:00:00,94,2,1,169.78,Credit Card,8,169.78
697,2023-10-15 21:00:00,146,39,3,67.99,Cash,10,203.96999999999997
698,2023-04-09 11:00:00,179,38,4,158.54,Credit Card,1,634.16
699,2023-04-29 19:00:00,196,32,8,104.26,Digital Wallet,5,834.08
700,2023-10-18 07:00:00,87,38,7,164.38,Cash,4,1150.6599999999999
701,2023-08-01 10:00:00,7,28,7,65.51,Cash,4,458.57000000000005
702,2023-11-26 07:00:00,144,9,2,42.53,Debit Card,3,85.06
703,2023-02-08 08:00:00,188,50,4,42.02,Digital Wallet,3,168.08
704,2023-03-03 03:00:00,91,27,8,27.35,Debit Card,1,218.8
705,2023-01-22 01:00:00,78,20,3,111.48,Debit Card,9,334.44
706,2023-04-07 05:00:00,19,45,2,45.97,Digital Wallet,8,91.94
707,2023-10-16 16:00:00,103,26,8,142.76,Digital Wallet,9,1142.08
708,2023-03-11 12:00:00,86,2,5,90.97,Credit Card,4,454.85
709,2023-09-15 05:00:00,53,44,4,100.14,Credit Card,10,400.56
710,2023-10-11 05:00:00,108,2,5,16.96,Digital Wallet,6,84.80000000000001
711,2023-01-08 04:00:00,147,32,9,22.63,Digital Wallet,1,203.67
712,2023-09-16 02:00:00,57,42,4,56.76,Digital Wallet,9,227.04
713,2023-12-23 20:00:00,59,16,9,37.29,Credit Card,2,335.61
714,2023-01-09 19:00:00,17,28,2,137.26,Cash,3,274.52
715,2023-07-20 03:00:00,37,36,2,117.1,Cash,4,234.2
716,2023-09-29 11:00:00,106,1,4,125.63,Digital Wallet,9,502.52
717,2023-06-07 03:00:00,141,41,6,81.7,Debit Card,2,490.20000000000005
718,2023-11-22 03:00:00,74,49,7,118.98,Cash,6,832.86
719,2023-03-04 21:00:00,13,8,6,184.37,Digital Wallet,7,1106.22
720,2023-08-19 14:00:00,70,43,4,12.56,Digital Wallet,4,50.24
721,2023-09-05 14:00:00,136,36,1,160.81,Cash,8,160.81
722,2023-03-24 08:00:00,29,15,2,20.42,Cash,8,40.84
723,2023-11-02 00:00:00,184,17,2,22.38,Credit Card,5,44.76
724,2023-01-26 08:00:00,157,12,5,24.64,Cash,8,123.2
725,2023-10-19 05:00:00,50,7,4,12.39,Debit Card,10,49.56
726,2023-04-28 02:00:00,122,12,3,198.26,Debit Card,1,594.78
727,2023-08-15 09:00:00,140,19,5,58.0,Debit Card,2,290.0
728,2023-06-20 06:00:00,128,24,4,103.96,Credit Card,9,415.84
729,2023-01-01 18:00:00,158,15,9,108.8,Credit Card,3,979.1999999999999
730,2023-01-20 06:00:00,111,3,8,177.7,Cash,5,1421.6
731,2023-02-22 15:00:00,172,47,9,140.25,Debit Card,7,1262.25
732,2023-05-04 05:00:00,184,14,2,179.05,Debit Card,9,358.1
733,2023-09-01 12:00:00,65,22,5,92.74,Debit Card,6,463.7
734,2023-09-08 21:00:00,182,24,7,94.05,Credit Card,6,658.35
735,2023-01-11 10:00:00,72,40,7,160.86,Cash,1,1126.02
736,2023-07-05 20:00:00,6,46,1,28.97,Debit Card,1,28.97
737,2023-11-27 13:00:00,58,24,4,47.36,Credit Card,4,189.44
738,2023-10-28 23:00:00,53,27,5,91.22,Cash,6,456.1
739,2023-04-06 16:00:00,60,11,5,38.19,Cash,2,190.95
740,2023-04-27 00:00:00,83,13,7,13.71,Credit Card,2,95.97
741,2023-12-05 01:00:00,89,41,5,89.23,Credit Card,5,446.15000000000003
742,2023-05-15 16:00:00,49,25,4,111.51,Cash,4,446.04
743,2023-11-09 12:00:00,119,9,7,18.92,Credit Card,8,132.44
744,2023-02-13 17:00:00,109,15,6,73.94,Debit Card,9,443.64
745,2023-03-15 00:00:00,103,38,5,39.06,Cash,8,195.3
746,2023-10-14 00:00:00,32,45,7,112.57,Credit Card,3,787.99
747,2023-10-16 16:00:00,21,3,8,142.57,Credit Card,8,1140.56
748,2023-06-04 09:00:00,146,21,3,173.37,Digital Wallet,4,520.11
749,2023-09-21 02:00:00,82,2,4,159.01,Credit Card,8,636.04
750,2023-07-03 09:00:00,46,16,1,142.85,Debit Card,9,142.85
751,2023-08-24 01:00:00,3,47,2,63.53,Credit Card,5,127.06
752,2023-12-18 13:00:00,179,26,5,37.72,Digital Wallet,9,188.6
753,2023-02-21 06:00:00,112,45,1,58.34,Debit Card,7,58.34
754,2023-01-26 02:00:00,120,3,3,34.6,Credit Card,3,103.80000000000001
755,2023-08-23 09:00:00,47,46,5,96.05,Digital Wallet,5,480.25
756,2023-03-30 06:00:00,78,46,7,188.23,Cash,4,1317.61
757,2023-12-19 21:00:00,54,20,3,157.17,Digital Wallet,2,471.51
758,2023-09-14 07:00:00,109,35,5,20.63,Credit Card,1,103.14999999999999
759,2023-12-03 04:00:00,38,19,8,126.28,Debit Card,5,1010.24
760,2023-07-15 08:00:00,89,34,3,75.91,Cash,3,227.73
761,2023-08-14 15:00:00,131,15,8,139.23,Credit Card,10,1113.84
762,2023-01-14 12:00:00,86,48,2,59.38,Debit Card,2,118.76
763,2023-08-05 10:00:00,51,9,5,184.74,Digital Wallet,6,923.7
764,2023-01-15 23:00:00,73,26,8,167.54,Debit Card,3,1340.32
765,2023-08-13 15:00:00,27,44,6,70.74,Debit Card,9,424.43999999999994
766,2023-09-11 00:00:00,38,9,6,21.95,Digital Wallet,10,131.7
767,2023-01-14 14:00:00,25,48,8,164.45,Credit Card,8,1315.6
768,2023-10-02 19:00:00,156,36,4,163.67,Cash,4,654.68
769,2023-11-11 02:00:00,48,49,5,65.73,Digital Wallet,8,328.65000000000003
770,2023-11-30 11:00:00,45,2,2,148.3,Digital Wallet,2,296.6
771,2023-02-27 07:00:00,139,47,5,71.6,Debit Card,9,358.0
772,2023-01-29 12:00:00,121,6,9,125.78,Debit Card,2,1132.02
773,2023-06-30 18:00:00,80,32,2,32.32,Cash,3,64.64
774,2023-12-25 11:00:00,162,31,8,183.4,Cash,7,1467.2
775,2023-06-14 13:00:00,106,14,6,118.2,Digital Wallet,4,709.2
776,2023-05-10 19:00:00,152,8,3,34.31,Cash,2,102.93
777,2023-06-19 19:00:00,29,23,9,174.55,Cash,7,1570.95
778,2023-10-19 15:00:00,106,37,6,128.14,Digital Wallet,4,768.8399999999999
779,2023-09-07 22:00:00,54,41,1,25.3,Credit Card,9,25.3
780,2023-03-15 15:00:00,107,4,8,145.02,Cash,8,1160.16
781,2023-10-23 21:00:00,72,25,1,110.68,Digital Wallet,3,110.68
782,2023-11-26 21:00:00,12,30,2,61.56,Cash,1,123.12
783,2023-10-23 13:00:00,148,5,3,18.63,Credit Card,9,55.89
784,2023-04-29 11:00:00,81,15,9,130.33,Debit Card,5,1172.97
785,2023-12-10 20:00:00,82,32,6,69.03,Debit Card,6,414.18
786,2023-08-23 12:00:00,148,27,9,179.32,Digital Wallet,6,1613.8799999999999
787,2023-05-28 15:00:00,32,48,4,35.58,Cash,8,142.32
788,2023-03-19 07:00:00,55,38,7,40.79,Digital Wallet,5,285.53
789,2023-02-19 19:00:00,29,31,3,53.59,Debit Card,2,160.77
790,2023-01-11 04:00:00,173,35,1,197.87,Cash,5,197.87
791,2023-12-07 13:00:00,189,47,2,151.65,Digital Wallet,3,303.3
792,2023-04-27 16:00:00,93,14,5,170.47,Cash,6,852.35
793,2023-06-12 04:00:00,46,19,1,163.56,Credit Card,3,163.56
794,2023-02-16 20:00:00,118,43,4,83.85,Cash,7,335.4
795,2023-05-15 18:00:00,24,13,7,167.5,Cash,4,1172.5
796,2023-01-10 22:00:00,3,35,3,10.23,Credit Card,7,30.69
797,2023-03-25 20:00:00,165,25,3,181.32,Credit Card,10,543.96
798,2023-04-08 22:00:00,154,16,3,187.56,Cash,6,562.6800000000001
799,2023-01-01 08:00:00,124,40,2,105.56,Digital Wallet,1,211.12
800,2023-07-28 05:00:00,117,48,4,154.69,Debit Card,2,618.76
801,2023-05-02 17:00:00,173,3,5,26.82,Cash,7,134.1
802,2023-03-04 10:00:00,35,25,5,143.52,Credit Card,7,717.6
803,2023-06-14 22:00:00,101,20,1,133.0,Cash,8,133.0
804,2023-11-29 22:00:00,9,5,1,183.87,Debit Card,3,183.87
805,2023-11-23 01:00:00,167,38,2,85.66,Cash,6,171.32
806,2023-03-01 16:00:00,32,26,2,99.69,Debit Card,4,199.38
807,2023-05-09 22:00:00,92,38,7,151.13,Debit Card,10,1057.9099999999999
808,2023-04-13 13:00:00,200,2,4,116.09,Debit Card,5,464.36
809,2023-12-19 05:00:00,122,12,3,142.34,Cash,3,427.02
810,2023-08-15 08:00:00,55,27,3,141.19,Digital Wallet,4,423.57
811,2023-03-21 00:00:00,98,33,7,136.79,Debit Card,9,957.53
812,2023-07-09 21:00:00,90,11,6,97.45,Digital Wallet,4,584.7
813,2023-06-05 18:00:00,57,45,8,186.57,Cash,1,1492.56
814,2023-12-18 06:00:00,187,27,7,68.9,Credit Card,2,482.30000000000007
815,2023-02-09 05:00:00,133,6,4,96.93,Credit Card,1,387.72
816,2023-02-26 05:00:00,71,2,7,87.05,Credit Card,5,609.35
817,2023-02-02 23:00:00,33,16,6,24.4,Debit Card,8,146.39999999999998
818,2023-11-10 12:00:00,147,28,3,134.84,Digital Wallet,1,404.52
819,2023-06-05 20:00:00,10,19,5,93.71,Credit Card,7,468.54999999999995
820,2023-03-16 05:00:00,104,17,5,31.65,Cash,5,158.25
821,2023-10-01 07:00:00,61,49,7,48.3,Debit Card,9,338.09999999999997
822,2023-12-20 21:00:00,166,17,5,186.44,Credit Card,6,932.2
823,2023-10-03 18:00:00,168,27,3,83.15,Cash,8,249.45000000000002
824,2023-09-13 22:00:00,126,32,6,101.9,Credit Card,10,611.4000000000001
825,2023-04-02 06:00:00,12,3,9,175.66,Credit Card,5,1580.94
826,2023-04-14 04:00:00,168,9,5,156.76,Credit Card,2,783.8
827,2023-05-04 21:00:00,139,47,1,169.52,Cash,2,169.52
828,2023-01-30 17:00:00,183,21,4,15.52,Digital Wallet,10,62.08
829,2023-08-14 05:00:00,111,36,8,65.5,Credit Card,1,524.0
830,2023-03-30 01:00:00,129,46,7,123.91,Digital Wallet,3,867.37
831,2023-03-03 17:00:00,157,8,1,92.6,Credit Card,7,92.6
832,2023-03-22 01:00:00,154,17,4,81.11,Digital Wallet,8,324.44
833,2023-05-11 02:00:00,52,40,1,195.51,Debit Card,6,195.51
834,2023-08-11 01:00:00,190,20,2,20.92,Debit Card,4,41.84
835,2023-11-14 14:00:00,35,37,7,145.95,Debit Card,9,1021.6499999999999
836,2023-05-20 13:00:00,122,15,8,104.98,Debit Card,9,839.84
837,2023-11-21 19:00:00,85,9,5,125.36,Credit Card,9,626.8
838,2023-01-22 12:00:00,50,24,3,152.8,Credit Card,9,458.40000000000003
839,2023-01-11 23:00:00,120,45,6,13.76,Cash,5,82.56
840,2023-02-24 07:00:00,105,11,6,51.71,Cash,9,310.26
841,2023-09-30 14:00:00,17,9,9,98.5,Debit Card,10,886.5
842,2023-07-11 11:00:00,89,6,6,25.02,Debit Card,2,150.12
843,2023-10-19 22:00:00,140,23,4,182.03,Cash,7,728.12
844,2024-01-01 21:00:00,144,43,8,130.91,Debit Card,9,1047.28
845,2023-04-07 00:00:00,137,3,8,119.45,Digital Wallet,10,955.6
846,2023-05-07 18:00:00,190,42,9,72.19,Debit Card,1,649.71
847,2023-02-17 16:00:00,11,4,1,42.68,Cash,4,42.68
848,2023-08-21 21:00:00,49,2,4,182.52,Digital Wallet,7,730.08
849,2023-04-19 03:00:00,170,36,5,37.03,Digital Wallet,10,185.15
850,2023-01-05 13:00:00,52,24,2,159.87,Debit Card,8,319.74
851,2023-11-18 09:00:00,149,36,8,144.54,Debit Card,5,1156.32
852,2023-01-01 19:00:00,141,12,5,43.67,Cash,1,218.35000000000002
853,2023-05-11 02:00:00,13,13,4,20.28,Credit Card,10,81.12
854,2023-02-14 08:00:00,145,44,9,164.79,Digital Wallet,5,1483.11
855,2023-05-12 10:00:00,151,27,1,115.21,Credit Card,2,115.21
856,2023-03-21 07:00:00,185,48,2,45.97,Digital Wallet,8,91.94
857,2023-10-08 22:00:00,146,10,2,164.7,Digital Wallet,8,329.4
858,2023-05-31 02:00:00,24,7,6,121.34,Cash,4,728.04
859,2023-06-18 23:00:00,161,25,3,152.61,Debit Card,8,457.83000000000004
860,2023-01-24 11:00:00,27,15,5,134.25,Cash,10,671.25
861,2023-12-22 13:00:00,20,5,4,157.58,Cash,1,630.32
862,2023-08-22 08:00:00,138,34,6,37.85,Digital Wallet,3,227.10000000000002
863,2023-05-24 16:00:00,86,14,5,49.73,Credit Card,7,248.64999999999998
864,2023-09-06 15:00:00,149,6,8,183.22,Cash,6,1465.76
865,2023-06-27 03:00:00,22,47,6,104.54,Credit Card,1,627.24
866,2023-03-05 14:00:00,82,30,6,88.04,Digital Wallet,6,528.24
867,2023-10-26 03:00:00,146,43,7,178.35,Digital Wallet,3,1248.45
868,2023-03-29 19:00:00,102,42,9,86.2,Credit Card,8,775.8000000000001
869,2023-12-07 04:00:00,14,6,3,72.49,Cash,9,217.46999999999997
870,2023-09-20 07:00:00,67,23,3,181.12,Debit Card,6,543.36
871,2023-04-07 23:00:00,163,42,5,176.76,Cash,1,883.8
872,2023-08-25 14:00:00,39,17,4,190.88,Digital Wallet,2,763.52
873,2023-03-01 12:00:00,10,26,1,57.11,Credit Card,9,57.11
874,2023-11-19 10:00:00,158,27,9,151.84,Debit Card,2,1366.56
875,2023-06-02 15:00:00,144,6,8,78.28,Cash,10,626.24
876,2023-07-05 04:00:00,29,26,8,86.39,Debit Card,1,691.12
877,2023-12-17 07:00:00,52,21,1,101.06,Digital Wallet,5,101.06
878,2023-10-18 12:00:00,70,9,5,109.66,Credit Card,6,548.3
879,2023-04-11 14:00:00,142,23,8,72.24,Digital Wallet,5,577.92
880,2023-02-09 09:00:00,197,49,4,85.63,Digital Wallet,8,342.52
881,2023-01-29 06:00:00,138,6,8,46.45,Debit Card,3,371.6
882,2023-10-08 07:00:00,30,31,8,87.85,Debit Card,10,702.8
883,2023-02-22 04:00:00,171,3,9,180.64,Credit Card,8,1625.7599999999998
884,2023-04-09 14:00:00,28,36,3,38.14,Credit Card,2,114.42
885,2023-02-10 22:00:00,163,45,3,29.58,Cash,9,88.74
886,2023-11-24 08:00:00,191,47,2,141.28,Credit Card,4,282.56
887,2023-04-07 15:00:00,143,45,2,152.15,Credit Card,5,304.3
888,2023-02-06 00:00:00,149,20,2,134.38,Digital Wallet,4,268.76
889,2023-01-05 01:00:00,26,32,8,23.57,Cash,7,188.56
890,2023-08-18 12:00:00,107,11,3,110.75,Debit Card,4,332.25
891,2023-04-05 08:00:00,81,23,7,21.7,Digital Wallet,3,151.9
892,2023-09-21 00:00:00,5,7,9,44.53,Cash,9,400.77
893,2023-10-24 00:00:00,31,48,3,163.06,Debit Card,8,489.18
894,2023-06-08 23:00:00,168,18,4,45.64,Credit Card,9,182.56
895,2023-04-15 10:00:00,110,17,8,73.46,Credit Card,9,587.68
896,2023-04-09 01:00:00,115,4,4,194.48,Cash,4,777.92
897,2023-01-29 07:00:00,94,14,9,19.37,Digital Wallet,1,174.33
898,2023-11-13 04:00:00,194,37,6,115.4,Debit Card,4,692.4000000000001
899,2023-10-01 10:00:00,113,24,3,189.66,Credit Card,5,568.98
900,2023-10-25 13:00:00,26,46,3,171.81,Digital Wallet,4,515.4300000000001
901,2023-09-03 00:00:00,20,15,6,98.42,Credit Card,9,590.52
902,2023-12-03 06:00:00,140,20,7,129.92,Debit Card,1,909.4399999999999
903,2023-03-27 05:00:00,71,32,7,90.81,Credit Card,2,635.6700000000001
904,2023-08-19 00:00:00,144,9,7,65.23,Digital Wallet,2,456.61
905,2023-10-29 16:00:00,42,11,2,170.21,Credit Card,1,340.42
906,2023-01-08 10:00:00,86,30,5,63.84,Digital Wallet,10,319.20000000000005
907,2023-12-24 14:00:00,42,46,6,115.97,Credit Card,10,695.8199999999999
908,2023-08-25 15:00:00,152,40,1,147.95,Credit Card,1,147.95
909,2023-07-22 08:00:00,72,49,2,163.33,Digital Wallet,3,326.66
910,2023-01-03 01:00:00,27,8,4,139.84,Cash,8,559.36
911,2023-04-18 07:00:00,172,20,7,171.56,Credit Card,10,1200.92
912,2023-03-15 11:00:00,118,16,9,47.87,Cash,9,430.83
913,2023-05-10 23:00:00,114,14,8,40.74,Cash,1,325.92
914,2023-02-20 17:00:00,69,3,7,75.01,Debit Card,5,525.07
915,2023-07-22 23:00:00,99,35,2,72.11,Digital Wallet,3,144.22
916,2023-10-16 15:00:00,101,36,9,61.72,Debit Card,2,555.48
917,2023-11-06 08:00:00,121,47,8,141.64,Debit Card,9,1133.12
918,2023-01-28 18:00:00,68,41,1,75.01,Credit Card,10,75.01
919,2023-11-20 16:00:00,162,2,2,155.53,Digital Wallet,7,311.06
920,2023-08-21 21:00:00,63,42,1,108.14,Credit Card,3,108.14
921,2023-10-21 18:00:00,157,17,8,10.28,Debit Card,5,82.24
922,2023-12-04 17:00:00,49,29,6,147.17,Debit Card,8,883.02
923,2023-02-22 04:00:00,103,2,3,154.83,Debit Card,8,464.49
924,2023-05-10 06:00:00,154,13,5,195.32,Digital Wallet,3,976.5999999999999
925,2023-08-17 14:00:00,78,40,4,170.41,Cash,4,681.64
926,2023-04-09 06:00:00,13,37,8,67.3,Cash,9,538.4
927,2023-10-26 03:00:00,27,46,1,108.02,Credit Card,4,108.02
928,2023-06-28 08:00:00,26,45,8,32.2,Digital Wallet,2,257.6
929,2023-03-30 01:00:00,80,16,5,179.41,Digital Wallet,7,897.05
930,2023-07-03 20:00:00,147,46,1,63.43,Debit Card,6,63.43
931,2023-07-17 20:00:00,169,24,4,169.44,Cash,1,677.76
932,2023-03-26 05:00:00,77,16,4,27.57,Credit Card,6,110.28
933,2023-06-17 01:00:00,109,36,9,78.78,Cash,8,709.02
934,2023-01-08 17:00:00,130,35,5,91.15,Digital Wallet,10,455.75
935,2023-03-29 03:00:00,27,19,7,185.51,Credit Card,9,1298.57
936,2023-06-03 00:00:00,4,26,6,143.31,Credit Card,8,859.86
937,2023-05-09 11:00:00,65,7,2,29.59,Digital Wallet,5,59.18
938,2023-08-21 15:00:00,43,17,9,44.94,Cash,2,404.46
939,2023-10-14 07:00:00,128,50,4,188.87,Debit Card,5,755.48
940,2023-11-14 09:00:00,31,3,8,80.58,Credit Card,1,644.64
941,2023-04-28 18:00:00,63,20,6,73.69,Debit Card,8,442.14
942,2023-04-02 05:00:00,102,32,6,74.74,Credit Card,6,448.43999999999994
943,2023-06-16 20:00:00,73,49,3,137.38,Debit Card,3,412.14
944,2023-02-16 21:00:00,87,1,4,31.54,Debit Card,2,126.16
945,2023-04-04 03:00:00,176,4,3,109.5,Cash,1,328.5
946,2023-07-12 06:00:00,165,14,9,85.07,Debit Card,1,765.6299999999999
947,2023-06-15 18:00:00,82,28,9,71.98,Credit Card,5,647.82
948,2023-10-24 05:00:00,52,20,7,60.4,Credit Card,2,422.8
949,2023-12-21 22:00:00,124,7,6,144.75,Credit Card,3,868.5
950,2023-02-23 21:00:00,44,26,8,121.04,Digital Wallet,1,968.32
951,2023-09-28 23:00:00,187,30,5,127.42,Credit Card,9,637.1
952,2023-05-09 19:00:00,13,2,4,83.73,Cash,7,334.92
953,2023-05-02 07:00:00,189,36,9,88.38,Cash,7,795.42
954,2023-06-06 21:00:00,90,32,2,10.03,Debit Card,8,20.06
955,2023-08-01 06:00:00,97,23,1,25.03,Digital Wallet,4,25.03
956,2023-03-06 13:00:00,66,16,8,79.7,Debit Card,2,637.6
957,2023-06-16 16:00:00,101,36,2,56.1,Digital Wallet,4,112.2
958,2023-11-25 13:00:00,2,4,4,148.5,Debit Card,7,594.0
959,2023-12-24 10:00:00,186,27,2,105.08,Cash,2,210.16
960,2023-06-07 17:00:00,192,44,3,23.76,Credit Card,3,71.28
961,2023-06-19 16:00:00,93,36,4,128.33,Cash,7,513.32
962,2024-01-01 06:00:00,8,42,5,69.38,Credit Card,8,346.9
963,2023-01-04 00:00:00,133,27,4,155.76,Credit Card,9,623.04
964,2023-10-26 09:00:00,176,50,5,116.42,Cash,2,582.1
965,2023-06-17 01:00:00,180,28,9,194.28,Digital Wallet,10,1748.52
966,2023-12-17 17:00:00,184,27,4,50.63,Debit Card,6,202.52
967,2023-01-23 17:00:00,77,34,3,61.99,Cash,10,185.97
968,2023-09-13 18:00:00,178,9,7,90.98,Digital Wallet,8,636.86
969,2023-07-22 12:00:00,141,43,9,120.42,Cash,2,1083.78
970,2023-10-14 08:00:00,177,16,1,50.87,Debit Card,7,50.87
971,2023-02-18 20:00:00,191,15,7,88.74,Cash,3,621.18
972,2023-07-30 23:00:00,49,24,6,134.17,Digital Wallet,8,805.02
973,2023-02-23 12:00:00,48,42,7,49.94,Cash,1,349.58
974,2023-04-21 16:00:00,110,12,9,138.21,Credit Card,6,1243.89
975,2023-08-30 06:00:00,200,26,9,40.39,Digital Wallet,5,363.51
976,2023-05-14 16:00:00,15,18,5,55.48,Credit Card,6,277.4
977,2023-05-02 20:00:00,137,12,1,137.81,Debit Card,6,137.81
978,2023-02-23 11:00:00,50,12,3,143.87,Digital Wallet,10,431.61
979,2023-06-08 20:00:00,165,24,2,76.09,Credit Card,9,152.18
980,2023-03-18 19:00:00,125,28,8,45.19,Credit Card,9,361.52
981,2023-10-15 07:00:00,98,27,3,65.99,Digital Wallet,3,197.96999999999997
982,2023-04-30 09:00:00,66,36,2,23.1,Cash,6,46.2
983,2023-10-02 16:00:00,110,1,4,141.22,Credit Card,8,564.88
984,2023-11-25 03:00:00,38,31,7,106.28,Credit Card,2,743.96
985,2023-05-27 13:00:00,8,17,9,168.85,Debit Card,7,1519.6499999999999
986,2023-07-05 08:00:00,157,27,1,42.61,Digital Wallet,10,42.61
987,2023-12-30 01:00:00,2,24,5,199.11,Digital Wallet,6,995.5500000000001
988,2023-10-10 05:00:00,28,18,4,103.96,Cash,3,415.84
989,2023-05-30 16:00:00,193,49,5,57.02,Digital Wallet,3,285.1
990,2023-01-27 03:00:00,136,21,3,46.41,Digital Wallet,6,139.23
991,2023-07-03 10:00:00,103,49,6,67.58,Digital Wallet,7,405.48
992,2023-10-24 16:00:00,29,25,4,93.18,Credit Card,4,372.72
993,2023-03-02 14:00:00,144,35,3,123.59,Debit Card,2,370.77
994,2023-12-15 19:00:00,103,30,9,29.14,Cash,9,262.26
995,2023-03-19 17:00:00,8,26,8,58.82,Digital Wallet,1,470.56
996,2023-02-09 18:00:00,124,5,2,59.22,Debit Card,4,118.44
997,2023-04-02 18:00:00,77,3,6,37.81,Cash,1,226.86
998,2023-09-24 08:00:00,191,8,1,62.21,Debit Card,6,62.21
999,2023-08-24 03:00:00,77,36,4,31.91,Debit Card,5,127.64
1000,2023-07-01 04:00:00,155,6,7,158.09,Cash,4,1106.63
